timestamp,hour,persona_id,persona_name,baseline_toxicity,current_toxicity,toxicity_change,baseline_empathy,current_empathy,empathy_change,total_dopamine,kindness_streak,toxicity_streak,bridges_built,openness_to_change
2025-08-29T17:34:14.674124,0,angry_jim,Angry Jim,8,8,0,2,2,0,0,0,0,0,0.3
2025-08-29T17:34:14.674325,0,cynical_karen,Cynical Karen,7,7,0,3,3,0,0,0,0,0,0.35
2025-08-29T17:34:14.674496,0,troll_tyler,Troll Tyler,9,9,0,1,1,0,0,0,0,0,0.2
2025-08-29T17:34:14.674655,0,rage_rachel,Rage Rachel,8,8,0,2,2,0,0,0,0,0,0.25
2025-08-29T17:34:14.674807,0,bitter_bob,Bitter Bob,7,7,0,3,3,0,0,0,0,0,0.2
2025-08-29T17:34:14.674955,0,frustrated_frank,Frustrated Frank,6,6,0,4,4,0,0,0,0,0,0.5
2025-08-29T17:34:14.675099,0,sarcastic_sarah,Sarcastic Sarah,5,5,0,5,5,0,0,0,0,0,0.6
2025-08-29T17:34:14.675279,0,anxious_alex,Anxious Alex,4,4,0,6,6,0,0,0,0,0,0.7
2025-08-29T17:34:14.675426,0,moderate_mike,Moderate Mike,4,4,0,6,6,0,0,0,0,0,0.8
2025-08-29T17:34:14.675570,0,skeptical_sam,Skeptical Sam,5,5,0,5,5,0,0,0,0,0,0.6
2025-08-29T17:34:14.675726,0,tired_tara,Tired Tara,5,5,0,5,5,0,0,0,0,0,0.6
2025-08-29T17:34:14.675844,0,practical_pat,Practical Pat,4,4,0,6,6,0,0,0,0,0,0.7
2025-08-29T17:34:14.676125,0,curious_carlos,Curious Carlos,3,3,0,7,7,0,0,0,0,0,0.9
2025-08-29T17:34:14.676316,0,analytical_anna,Analytical Anna,3,3,0,7,7,0,0,0,0,0,0.8
2025-08-29T17:34:14.676485,0,diplomatic_diana,Diplomatic Diana,2,2,0,8,8,0,0,0,0,0,0.85
2025-08-29T17:34:14.676646,0,kind_tina,Kind Tina,1,1,0,9,9,0,0,0,0,0,0.95
2025-08-29T17:34:14.676804,0,optimist_oliver,Optimist Oliver,1,1,0,9,9,0,0,0,0,0,0.9
2025-08-29T17:34:14.676960,0,grandma_grace,Grandma Grace,1,1,0,10,10,0,0,0,0,0,0.8
2025-08-29T17:34:14.677113,0,zen_zoe,Zen Zoe,1,1,0,9,9,0,0,0,0,0,0.95
2025-08-29T17:34:14.677284,0,helper_hannah,Helper Hannah,2,2,0,8,8,0,0,0,0,0,0.85
2025-08-29T17:44:29.857001,0,angry_jim,Angry Jim,8,8,0,2,2,0,0,0,0,0,0.3
2025-08-29T17:44:29.857165,0,cynical_karen,Cynical Karen,7,7,0,3,3,0,0,0,0,0,0.35
2025-08-29T17:44:29.857298,0,troll_tyler,Troll Tyler,9,9,0,1,1,0,0,0,0,0,0.2
2025-08-29T17:44:29.857423,0,rage_rachel,Rage Rachel,8,8,0,2,2,0,0,0,0,0,0.25
2025-08-29T17:44:29.857545,0,bitter_bob,Bitter Bob,7,7,0,3,3,0,0,0,0,0,0.2
2025-08-29T17:44:29.857664,0,frustrated_frank,Frustrated Frank,6,6,0,4,4,0,0,0,0,0,0.5
2025-08-29T17:44:29.857784,0,sarcastic_sarah,Sarcastic Sarah,5,5,0,5,5,0,0,0,0,0,0.6
2025-08-29T17:44:29.857898,0,anxious_alex,Anxious Alex,4,4,0,6,6,0,0,0,0,0,0.7
2025-08-29T17:44:29.858048,0,moderate_mike,Moderate Mike,4,4,0,6,6,0,0,0,0,0,0.8
2025-08-29T17:44:29.858162,0,skeptical_sam,Skeptical Sam,5,5,0,5,5,0,0,0,0,0,0.6
2025-08-29T17:44:29.858333,0,tired_tara,Tired Tara,5,5,0,5,5,0,0,0,0,0,0.6
2025-08-29T17:44:29.858467,0,practical_pat,Practical Pat,4,4,0,6,6,0,0,0,0,0,0.7
2025-08-29T17:44:29.858581,0,curious_carlos,Curious Carlos,3,3,0,7,7,0,0,0,0,0,0.9
2025-08-29T17:44:29.858711,0,analytical_anna,Analytical Anna,3,3,0,7,7,0,0,0,0,0,0.8
2025-08-29T17:44:29.858824,0,diplomatic_diana,Diplomatic Diana,2,2,0,8,8,0,0,0,0,0,0.85
2025-08-29T17:44:29.858941,0,kind_tina,Kind Tina,1,1,0,9,9,0,0,0,0,0,0.95
2025-08-29T17:44:29.859057,0,optimist_oliver,Optimist Oliver,1,1,0,9,9,0,0,0,0,0,0.9
2025-08-29T17:44:29.859174,0,grandma_grace,Grandma Grace,1,1,0,10,10,0,0,0,0,0,0.8
2025-08-29T17:44:29.859291,0,zen_zoe,Zen Zoe,1,1,0,9,9,0,0,0,0,0,0.95
2025-08-29T17:44:29.859414,0,helper_hannah,Helper Hannah,2,2,0,8,8,0,0,0,0,0,0.85
2025-08-29T17:49:53.442933,0,angry_jim,Angry Jim,8,8,0,2,2,0,0,0,0,0,0.3
2025-08-29T17:49:53.443129,0,cynical_karen,Cynical Karen,7,7,0,3,3,0,0,0,0,0,0.35
2025-08-29T17:49:53.443294,0,troll_tyler,Troll Tyler,9,9,0,1,1,0,0,0,0,0,0.2
2025-08-29T17:49:53.443450,0,rage_rachel,Rage Rachel,8,8,0,2,2,0,0,0,0,0,0.25
2025-08-29T17:49:53.443601,0,bitter_bob,Bitter Bob,7,7,0,3,3,0,0,0,0,0,0.2
2025-08-29T17:49:53.443846,0,frustrated_frank,Frustrated Frank,6,6,0,4,4,0,0,0,0,0,0.5
2025-08-29T17:49:53.444089,0,sarcastic_sarah,Sarcastic Sarah,5,5,0,5,5,0,0,0,0,0,0.6
2025-08-29T17:49:53.444231,0,anxious_alex,Anxious Alex,4,4,0,6,6,0,0,0,0,0,0.7
2025-08-29T17:49:53.444429,0,moderate_mike,Moderate Mike,4,4,0,6,6,0,0,0,0,0,0.8
2025-08-29T17:49:53.444584,0,skeptical_sam,Skeptical Sam,5,5,0,5,5,0,0,0,0,0,0.6
2025-08-29T17:49:53.444786,0,tired_tara,Tired Tara,5,5,0,5,5,0,0,0,0,0,0.6
2025-08-29T17:49:53.444932,0,practical_pat,Practical Pat,4,4,0,6,6,0,0,0,0,0,0.7
2025-08-29T17:49:53.445161,0,curious_carlos,Curious Carlos,3,3,0,7,7,0,0,0,0,0,0.9
2025-08-29T17:49:53.445316,0,analytical_anna,Analytical Anna,3,3,0,7,7,0,0,0,0,0,0.8
2025-08-29T17:49:53.445509,0,diplomatic_diana,Diplomatic Diana,2,2,0,8,8,0,0,0,0,0,0.85
2025-08-29T17:49:53.445649,0,kind_tina,Kind Tina,1,1,0,9,9,0,0,0,0,0,0.95
2025-08-29T17:49:53.445852,0,optimist_oliver,Optimist Oliver,1,1,0,9,9,0,0,0,0,0,0.9
2025-08-29T17:49:53.446002,0,grandma_grace,Grandma Grace,1,1,0,10,10,0,0,0,0,0,0.8
2025-08-29T17:49:53.446133,0,zen_zoe,Zen Zoe,1,1,0,9,9,0,0,0,0,0,0.95
2025-08-29T17:49:53.446259,0,helper_hannah,Helper Hannah,2,2,0,8,8,0,0,0,0,0,0.85
2025-08-29T18:03:09.196563,3,curious_carlos,Curious Carlos,3,2.727,0.27300000000000013,7,7.1365,0.13649999999999984,135,3,0,10,0.93
2025-08-29T18:17:15.956984,5,frustrated_frank,Frustrated Frank,6,5.847,0.15299999999999958,4,4.127,0.12699999999999978,145,3,0,27,0.53
2025-08-29T19:06:57.901535,8,sarcastic_sarah,Sarcastic Sarah,5,4.94,0.05999999999999961,5,5.06,0.05999999999999961,57,0,2,44,0.61
2025-08-29T19:21:27.274150,10,cynical_karen,Cynical Karen,7,6.8740000000000006,0.12599999999999945,3,3.0825,0.08250000000000002,149,0,4,64,0.5800000000000002
2025-08-29T19:35:53.282483,13,zen_zoe,Zen Zoe,1,1,0,9,10,1,1075,16,0,92,1.0
2025-08-29T20:21:17.896910,15,cynical_karen,Cynical Karen,7,6.636000000000001,0.363999999999999,3,3.3205,0.3205,349,3,0,116,0.6200000000000002
2025-08-29T20:35:28.251095,18,zen_zoe,Zen Zoe,1,1,0,9,10,1,1575,22,0,135,1.0
2025-08-29T21:20:57.278782,20,rage_rachel,Rage Rachel,8,7.364000000000001,0.6359999999999992,2,2.5470000000000006,0.5470000000000006,875,12,0,155,0.5200000000000002
2025-08-29T21:53:07.613732,23,moderate_mike,Moderate Mike,4,1.4099999999999988,2.590000000000001,6,7.671499999999997,1.6714999999999973,2077,28,0,177,1.0
2025-08-29T22:06:56.321382,25,zen_zoe,Zen Zoe,1,1,0,9,10,1,2175,30,0,195,1.0
2025-08-29T22:20:52.410592,28,practical_pat,Practical Pat,4,1.7589999999999995,2.2410000000000005,6,7.486500000000001,1.4865000000000013,1989,27,0,211,0.9700000000000002
2025-08-29T22:35:04.379470,30,cynical_karen,Cynical Karen,7,5.734000000000001,1.2659999999999991,3,4.079000000000001,1.0790000000000006,1050,3,0,231,0.7700000000000004
2025-08-29T22:48:54.291376,33,rage_rachel,Rage Rachel,8,6.610000000000001,1.3899999999999988,2,3.217000000000001,1.217000000000001,1695,25,0,248,0.6500000000000004
2025-08-29T23:02:28.381732,35,rage_rachel,Rage Rachel,8,6.545000000000001,1.4549999999999992,2,3.249500000000001,1.2495000000000012,1785,26,0,262,0.6600000000000004
2025-08-29T23:15:38.140728,38,moderate_mike,Moderate Mike,4,1,3,6,8.9215,2.9215,3467,46,0,285,1.0
2025-08-29T23:28:28.488151,40,tired_tara,Tired Tara,5,1.6199999999999992,3.380000000000001,5,7.499000000000002,2.4990000000000023,2976,42,0,308,1.0
2025-08-29T23:53:45.747553,43,helper_hannah,Helper Hannah,2,1,1,8,10,2,2332,32,0,329,1.0
2025-08-30T00:06:42.896542,45,grandma_grace,Grandma Grace,1,1,0,10,10,0,3221,42,0,348,1.0
2025-08-30T00:20:20.820812,48,optimist_oliver,Optimist Oliver,1,1,0,9,10,1,3171,42,0,371,1.0
2025-08-30T00:33:32.921862,50,anxious_alex,Anxious Alex,4,1,3,6,9.320000000000004,3.320000000000004,4372,58,0,388,1.0
2025-08-30T00:47:12.262443,53,angry_jim,Angry Jim,8,5.712,2.2880000000000003,2,3.9765,1.9765000000000001,2410,38,0,411,0.7800000000000004
2025-08-30T01:00:23.818409,55,angry_jim,Angry Jim,8,5.475,2.5250000000000004,2,4.2135,2.2135,2560,41,0,432,0.8100000000000004
2025-08-30T01:14:17.213294,58,zen_zoe,Zen Zoe,1,1,0,9,10,1,4745,62,0,459,1.0
2025-08-30T01:27:09.758406,60,rage_rachel,Rage Rachel,8,4.595000000000001,3.4049999999999994,2,4.972500000000002,2.972500000000002,3350,51,0,473,0.9100000000000006
2025-08-30T01:40:26.429735,63,diplomatic_diana,Diplomatic Diana,2,1,1,8,10,2,4970,68,0,498,1.0
2025-08-30T01:53:36.958403,65,skeptical_sam,Skeptical Sam,5,1,4,5,8.770500000000004,3.7705000000000037,4326,60,0,520,1.0
2025-08-30T03:36:41.387858,68,moderate_mike,Moderate Mike,4,1,3,6,10,4,6147,82,0,535,1.0
